Open,High,Low,Close,Volume,EMA_08,EMA_12,EMA_20,RSI_05,RSI_09,RSI_14,Target
6.074205292821375,6.0861561023793005,5.844652019173027,5.886479377746582,370420000,6.083929002037925,6.0925290670871535,6.055522316046051,28.182809913788315,38.20623412090139,45.19810577872551,0
5.868304607574702,6.002999345921787,5.862080365805151,5.983579635620117,255564000,6.061629142833968,6.075767616092225,6.048670632195963,40.612862709905535,44.91147160454818,49.3974161443954,1
6.125494386941185,6.172052493795537,6.07545066673428,6.152881145477295,271544000,6.0819073656435965,6.087631235997621,6.058595442984661,56.87898410682739,54.57906803057216,55.76242288508731,1
6.27388248937086,6.284090493089392,6.159852591487118,6.243258953094482,208220000,6.117763273966015,6.11157396170483,6.076182443947501,63.5423190202098,58.909689798656345,58.7456196355961,1
6.277617091254257,6.330150127410889,6.196451688865812,6.330150127410889,218284000,6.16496035250932,6.145201064121147,6.100369842372586,69.25235000532685,62.75096663699206,61.43807097794394,0
6.290065266631888,6.312224078581957,6.238527579792124,6.263923168182373,189752000,6.186952089325554,6.163466003207489,6.115946349592566,60.26045922691757,58.09423812539754,58.31418047014223,1
6.28657961655309,6.548001549269967,6.281600033578879,6.547255039215088,529608000,6.267019411523228,6.222510470285581,6.1570233676518535,76.5460414252366,69.12266271005596,66.22614253281589,1
6.655559399128862,6.784527579126775,6.593564863567215,6.669750690460205,638556000,6.356515251287001,6.291316658004754,6.205854541252649,80.79858628966444,72.62652789878395,68.96840996555527,1
6.72253163991601,6.791995536604551,6.68369174952819,6.785521984100342,374644000,6.451850080801076,6.367348246634844,6.261060964381001,84.18597733740003,75.57365442364188,71.33712989420704,1
6.727512219812691,6.808926462251952,6.700124985704613,6.741703510284424,528016000,6.516261954019599,6.424941364119395,6.306836444943232,77.70077052832146,72.26095907136667,69.18454725929787,1
7.152011236078267,7.343969741977096,7.120640718348887,7.215001583099365,1041924000,6.671537427148436,6.546489090116313,6.393328362862864,89.06949576879254,81.90124315124834,77.19062438389973,1
7.111677659246822,7.402230114435538,7.092257949839231,7.383805751800537,620164000,6.829819277071125,6.675307038067732,6.48765954276169,91.09378867847263,84.11614845804807,79.26023291666098,1
7.506300860949258,7.852871965438706,7.506300860949258,7.835194587707519,694332000,7.053236012768101,6.8537512764738535,6.615996213708912,94.49904064485509,88.39028322529136,83.55673631645482,1
7.787143140061832,7.875528605812651,7.378328662777949,7.6858110427856445,810052000,7.193808241660888,6.981760471291052,6.717883340287648,81.59356216087555,80.3413893669356,77.8116994906154,0
7.573524178287163,7.598670457095944,7.236662912101011,7.321562767028809,768180000,7.222198136187093,7.034037747558399,6.775376619024902,57.612508799722825,64.28379602776957,65.9115527135198,0
6.727014163556758,7.017815477764631,6.672489006182636,6.803946971893311,856916000,7.129253433010697,6.998639166686846,6.77809760501237,37.85130946275457,48.71740861871607,53.41091580378923,0
6.8791376958533865,6.941132235018011,6.422520381405752,6.524350643157959,1055496000,6.994830590821199,6.925671701528556,6.753931227692902,30.733551472074915,42.46817970649313,48.103799485646434,0
6.524598322721968,6.85797395968799,6.523104827677286,6.663774490356445,747732000,6.921262568495699,6.8853798228866925,6.745344871756097,38.00071002690911,46.33033107156639,50.73271996204375,0
6.35012897349082,6.6515672796936745,6.200406475197816,6.292830944061279,906416000,6.781611096399161,6.794218456913552,6.7022483072137335,28.171267750842684,38.57871561684758,44.30250346814972,1
6.040221919287196,6.787589136196671,6.023530858757883,6.728048801422119,1133252000,6.769708364182041,6.78403850991487,6.704705497138342,47.92586335279037,49.68933527812981,51.99103441876854,1
6.898198840508735,6.915388345562744,6.5020942179934655,6.886489868164063,890744000,6.7956598095113785,6.799800257337823,6.722018294378887,53.71816980701306,53.15953267993411,54.4558585978187,0
6.942294069276471,7.002083388291559,6.5384665864174165,6.623915672302246,652792000,6.757494445687127,6.772741090409272,6.712675187514445,43.65833364729216,47.102314939330114,49.88495413601107,1
6.731286431328499,7.097247152116675,6.656549436564152,7.087780475616455,597408000,6.830891341226978,6.821208688133454,6.748399500667017,60.14148385524436,56.86948178565645,56.78587871079326,1
6.888233757672639,7.055145772386674,6.763672566846141,6.808265686035156,540328000,6.825863417851017,6.819217457041408,6.7541010421306495,49.28173253307568,50.54304417762584,52.127802198307855,0
6.628648108712579,6.68619560165047,6.427357088938863,6.627651691436768,515412000,6.78181636753674,6.78974580079454,6.742058246826471,43.00893778963687,46.76151335403558,49.31293194673744,0
5.976445976882009,6.462234819140225,5.9335971812222335,6.114459991455078,614160000,6.633514950629704,6.685855676280776,6.682286984410148,29.61888999514849,37.73648722564025,42.32016259960584,1
6.390984825704697,6.504086494445801,6.128161136295155,6.504086494445801,580648000,6.604753071477726,6.657891186767703,6.665315509175448,45.67105347697867,46.54790914567906,48.312885748850896,0
6.364080134859424,6.392480165708837,6.042961500646882,6.1401190757751465,499964000,6.501501072432708,6.578233938922694,6.615296801232562,36.06600551316016,40.521429712670205,43.74107408026853,0
5.61671401159961,5.882278509793476,5.376061850651838,5.388767242431641,816540000,6.254226887988026,6.395239062539456,6.498484462299141,23.37869387412439,31.154161890343676,36.13849508499348,1
5.742270514891856,6.00434726302527,5.470976550652782,5.999863147735596,634836000,6.197701612376375,6.3344119987234775,6.450996718054993,43.56292108935382,43.17389015574936,44.57610170902264,0
5.291609037147485,5.6326579701036215,4.832974768753121,4.892764091491699,726972000,5.907715496624225,6.112620012995512,6.3025936107632505,27.285593590866263,31.84306667768481,35.44042308706439,1
5.0051183420596885,5.5021177691686125,4.758238222605642,5.41268253326416,833632000,5.797708171433099,6.0049373238060735,6.217840174810956,40.36593988155452,40.14269619344874,41.50361330741147,1
4.984939855445514,5.230076139029122,4.501144239544976,5.052700996398926,874268000,5.632151021425504,5.858439427281897,6.106874538771715,34.92807462425925,36.66495435113477,38.78741752297268,1
5.031276361264808,5.3992304852574025,4.817778827427658,5.30556058883667,765512000,5.559575369739097,5.773381144444169,6.030558924492187,41.81086431299867,40.72310336277925,41.67486951417417,1
5.45578070765007,5.737787269391606,5.110248140154624,5.1256937980651855,804636000,5.46315724270045,5.673736937308941,5.944381293403901,38.21664203175083,38.73686029667436,40.22145955491138,0
5.1246956420399785,5.3930008041612485,4.945576706844187,5.298583030700684,643876000,5.42658519558939,5.616020951676901,5.882876696955975,44.000612144466416,41.8061514671014,42.304313755779376,1
5.704903126042818,6.294327032713485,5.681236668018538,6.207632064819336,1101644000,5.600151166529378,5.707038046006506,5.913805779609628,65.3318048750512,55.10959920891632,51.81166484792286,1
6.32272600416636,6.522522170929499,6.0701159177079305,6.11894416809082,793432000,5.715438500209698,5.770408218634862,5.93334276898879,62.431633784815226,53.76069360125943,50.92990407145982,1
6.326212593900188,6.532486149897037,6.228058614414036,6.40842342376709,696108000,5.869435149889118,5.86856440403982,5.978588545634342,68.19254283041938,57.573921911853965,53.699682164402,0
6.22805951036242,6.5549081418897455,6.195175363750319,6.296070098876953,638828000,5.964242916330859,5.934334510937841,6.0088248840384,63.47060927213428,55.57283898910599,52.46195282203036,1
6.361588419684909,6.6256584638002805,6.317493750494555,6.616440773010254,602252000,6.109175773370724,6.039273935872059,6.066693063940482,70.70167912424105,60.029394744996445,55.60424744997899,1
6.656550619116085,6.860831394299033,6.421130017869934,6.566866874694824,949960000,6.210884906998302,6.12044208030633,6.114328664964705,68.09443279672614,58.999129089933874,54.99843127057856,0
6.368812320208943,6.5152960826692,6.0108234736531,6.055416107177734,656912000,6.176336284815954,6.110438084440393,6.10871794517547,46.14792956245296,49.19875494758517,49.059705352158495,0
6.084565557646171,6.377533653750724,6.036485211046502,6.364330291748047,675764000,6.218112730800863,6.149498424026186,6.133061978182382,56.6872676673673,54.35119562461737,52.4027598101796,0
6.326711293639602,6.368314681235731,5.938827985255011,6.076343536376953,663212000,6.186608465373327,6.138243825926304,6.12766022181996,46.159886624704825,49.12562284880266,49.16351149852643,1
6.358600162480461,6.723315529969253,6.301052663956656,6.686445236206055,727884000,6.2976833033361554,6.222582504430881,6.180877842237684,63.908912426377576,58.60988720846272,55.4467541762306,1
6.908163247025321,6.931830176420118,6.409918504070796,6.453016757965088,784520000,6.332201848809252,6.258033928051528,6.206795834211722,55.20510260313041,54.25619237850872,52.75987383954634,0
6.562132143249932,6.675233815241961,6.492128724199884,6.6503214836120605,542444000,6.402895100987654,6.3183858596762255,6.24903637224985,60.83998069617083,57.27415547619389,54.75561941819117,0
6.7761294264084695,6.799048451379827,6.487645453386115,6.550673484802246,525564000,6.435734741835341,6.354122417387921,6.277763716302459,56.363897956419606,55.20476798696316,53.52571217541827,0
6.490884129888628,6.731287281007709,6.402445792992437,6.722568035125732,398408000,6.49947547367765,6.410806358578354,6.320126032380866,62.33851434656466,58.13991134664374,55.38728704289857,1
6.850865944325975,7.107960156401416,6.823213342945472,7.073830604553223,530948000,6.627109947205556,6.512810088728333,6.391907420206805,72.09720521586257,63.6199443596293,59.00131983439662,1
6.905672519109676,7.079310951372667,6.86033244153911,6.996353149414063,366148000,6.70916399214078,6.58720132883383,6.449473680131306,67.28994353555832,61.61829186625878,57.88742084060628,1
7.151804684310949,7.448758393785425,7.138601324807296,7.341635704040527,745620000,6.849713261451835,6.703268155788707,6.534441491932184,76.14911539269276,66.84778667947502,61.38615618922235,1
7.423847497525705,7.445272134647238,7.148318367791928,7.282346248626709,539120000,6.945853925268473,6.792357093148399,6.6056705163792815,71.96552489255406,65.13345480470525,60.45732732076758,0
7.155791296172217,7.311741765307913,7.106714063095593,7.151057720184326,449388000,6.9914547685831065,6.8475418050000805,6.6576121548369045,62.46627625316069,61.222178570211966,58.35183442100424,0
7.032973327041574,7.09425702255101,6.654307238853352,6.714096546173096,735160000,6.9298196080475485,6.827011765180544,6.662991620678446,40.32294083250903,49.983618753649765,51.87631370030104,1
6.906419624930226,7.171486106783201,6.8608305639670135,7.128636837005615,483356000,6.974001214482675,6.873415622384401,6.707338784138177,57.98483865394154,58.17747833331456,56.77686589973268,1
7.170738255068913,7.30277280445267,7.050162741474796,7.075324058532715,424160000,6.99651740204935,6.904478458714912,6.742385000747181,55.35134245836193,56.83045694979389,55.9872345156762,1
7.065110434333766,7.216327322388494,6.990373439620737,7.214334487915039,352328000,7.044921198908392,6.952148617053393,6.787332570953644,61.10839495646484,59.575995350603634,57.64146004439919,1
7.348861058626453,7.560864157407849,7.324197711683371,7.400927543640137,479388000,7.124033719959892,7.021191528835969,6.845770187399976,68.02588342078029,63.11811922303317,59.82425420827412,0
7.548408360991917,7.578303257394671,7.252949471097392,7.258430004119873,442904000,7.153899560884332,7.057689755802723,6.885071122325681,58.15217221538626,58.699153251434645,57.391942136561546,0
7.393205660244978,7.4881214262521505,7.317970682168214,7.435307502746582,379160000,7.216434659075943,7.115784793794086,6.937474587127672,65.84427347920946,62.37734057928778,59.58828045273342,0
7.381246059240511,7.435305848843511,7.26739743763141,7.28134822845459,375916000,7.230859896715642,7.141256091434164,6.970224457730235,54.87053621723857,57.37383320098576,56.841698894116384,0
7.083794613057986,7.197145274884135,6.996352701087141,7.044682502746582,342096000,7.189487142500296,7.126398616251459,6.977315700112745,41.56101998471176,50.3846281549118,52.81194947720138,1
6.997349245019564,7.270387540719395,6.997349245019564,7.256685733795166,317556000,7.204420162788045,7.14644278818126,7.003922369987261,54.04318939509693,55.80964444086585,55.83262695008682,1
7.360819145196441,7.480397772953927,7.2566856981813,7.317720890045166,368896000,7.229598102178516,7.172793265391092,7.033807943326109,57.323562186874646,57.32107557821155,56.69215714429372,1
7.397190705525821,7.523495739093989,7.359323998974945,7.418614864349365,323464000,7.271601827105372,7.210611972923134,7.0704562215188,62.80894564558552,59.87337263298373,58.14228061731487,1
7.5578747907792385,7.65827108202997,7.506555735064039,7.594994068145752,373732000,7.34346676955879,7.26974767988046,7.120412206911843,70.96430669045043,64.09610875871152,60.62445258362309,1
7.666740541029983,7.7913017211447295,7.632859979866189,7.785073757171631,339216000,7.441601655694977,7.349028614848333,7.183713306936585,77.5854510131251,68.15861542229844,63.159875502507454,1
7.7800928726031024,8.084022521686913,7.75144385202219,8.037187576293945,469060000,7.5739540824947476,7.454899224301504,7.264996570684905,83.7348212946791,72.75804794582055,66.26284748056344,0
8.094982030995142,8.143809801854623,7.765393152204043,7.775108814239502,493060000,7.618655133993582,7.504162238138119,7.313578689118676,61.72909375512647,62.24342943076259,60.55314679259048,0
7.889705036853291,8.050139609907918,7.568087983890347,7.752687931060791,625852000,7.648440200008517,7.542396960126222,7.355398616922686,60.04171104790197,61.389581434241045,60.07622033059318,1
7.8142230604507805,8.00779128643124,7.660514383493319,8.002310752868652,602312000,7.7270781006441025,7.613152928240442,7.4170092965365875,71.05356352702005,67.05086783330809,63.52109011210179,1
7.862052746709275,8.470658408911804,7.846358106086127,8.460943222045898,987660000,7.89015923873339,7.743582204210512,7.516431575156521,82.27313012360946,74.71423651013151,68.84084920428927,1
8.729747076222932,8.885199590332304,8.650027984422207,8.71953296661377,774460000,8.074464511595696,7.893728475349476,7.631012660057212,86.076619301361,77.96501593227477,71.37550574741975,1
8.759392866322871,9.05559920597331,8.731989249223263,8.774589538574219,717320000,8.230047850924256,8.029245561999437,7.739924743725498,86.82873638425205,78.62328403245837,71.8996227036247,1
8.959438994421841,9.01125650401452,8.857547824594636,8.938512802124023,587536000,8.387484506746427,8.169132829710911,7.854075987382501,89.03345013399323,80.56773680800697,73.457889948579,0
9.01972790629354,9.020723848723264,8.706829974219419,8.744447708129883,761068000,8.466809662609418,8.257642811006138,7.938873294120347,71.35754973973538,71.86182947557361,68.60733051220133,0
8.794270368177155,9.06108122190044,8.682664008723028,8.9945650100708,1038764000,8.584088628711948,8.371015457016085,8.039415362306105,78.29856641663935,75.67324188392689,71.24292773796407,0
9.12460521921978,9.149518027635866,8.64155712540056,8.687146186828613,770780000,8.60699030829343,8.41965095391032,8.10110401226063,57.055857764391824,63.73576526452965,64.1176795751866,0
8.594723547725328,8.602445901845645,7.968678780418774,8.49532413482666,1175892000,8.582175603078593,8.431292981743603,8.138648785838347,47.090981426277175,57.38153491578779,60.0799209899448,0
8.382719185209487,8.729747075354428,8.349835036086796,8.457207679748535,734896000,8.55440495344969,8.435279858359745,8.168987728115509,45.13308083038133,56.1305684056076,59.28104919504827,1
8.524471762838552,8.844345092773438,8.455215751001303,8.844345092773438,745256000,8.618836095521635,8.498212971346467,8.23330747713055,64.08894860313984,64.87924767222685,64.45127060138815,1
8.802241910834319,8.80971527881984,8.65899633904369,8.775336265563965,389876000,8.653613911086596,8.540847324303005,8.284929266505161,59.507975053859454,62.38437524375769,62.91767996297134,0
8.765371081704798,8.806226565688172,8.627606058999254,8.794268608093262,391320000,8.68487051042141,8.57983521411689,8.333437775227837,60.47678071673209,62.82557877819603,63.17655298595558,0
8.791282501505071,8.835127725785343,8.669461068484637,8.738717079162598,365440000,8.696836414586118,8.604278577970076,8.372035804174006,55.59782732340674,60.483757994029794,61.81298756725935,0
8.701330525493276,8.915922825620427,8.650984916299755,8.739713668823242,424280000,8.70636469330548,8.62511474579364,8.40705274366441,55.678011304882205,60.51346364551439,61.82890451243544,1
8.767627816790379,8.969508447947838,8.681391959435791,8.892744064331055,481748000,8.747782331311162,8.666288487107089,8.453309059918377,67.08651332491392,65.0518501596347,64.29027267459024,1
8.850121965483638,8.862583576912797,8.659207454291302,8.778093338012695,387736000,8.75451811057817,8.683489233400259,8.484240895927359,54.05597850948136,59.306622247818446,61.11087919303745,1
8.773112434652013,9.081915620696336,8.724511462767465,9.018360137939451,468488000,8.81314967221401,8.735007834098596,8.535109395166605,69.54945923838694,66.31949126907213,65.01547942429747,1
9.139737694440829,9.470972125229428,9.125530483250824,9.338129043579102,632180000,8.929811754739585,8.827795712480212,8.611587456920176,80.49308222125067,73.22753826209195,69.41658315582208,0
9.122041315847795,9.232951309589913,8.759154168201901,8.769372940063477,583652000,8.894158684811561,8.818807593646868,8.626614645790967,44.74235843941475,51.91929002324374,55.937427443867776,0
9.13450441093276,9.15917854404649,8.676657198073874,8.905206680297852,570908000,8.896613794919626,8.832099760823942,8.65314722050591,51.21135131146226,55.40576194979603,58.033326104311385,1
8.788314480221782,9.154192700766936,8.71703218010471,9.145718574523926,400004000,8.95197041260947,8.880348809085477,8.700058778031435,61.2514631080059,61.03411426700298,61.52322376039525,1
9.196812212260122,9.23843459415579,8.811741954169076,9.040789604187012,535716000,8.971708010737812,8.905032008331867,8.732509332903394,55.07112067144175,57.473834893928185,59.20985085959208,1
9.085901927048193,9.270585196535562,9.0425339507787,9.207777976989746,408304000,9.02416800323824,8.95160831120231,8.77777301329257,62.58180833011322,61.4951676596151,61.67938233289902,1
9.198807874680208,9.25413832928992,9.086651419287488,9.18983554840088,254408000,9.060983013274384,8.988258655386705,8.817017064255266,61.207563183564176,60.800197278219954,61.25029358711143,1
9.214257313267112,9.41613791055044,9.199053708456068,9.232949256896973,524160000,9.099197734079402,9.02590336331136,8.856629654030666,63.607875123107256,61.96225252020426,61.93553821482019,1
9.27158216089918,9.502125339643412,9.244913338079536,9.497638702392578,398468000,9.18774017148233,9.098478030862315,8.917678134827039,75.3247801717553,68.42676453262393,65.92010735806771,1
9.521816639977931,9.613037343899906,9.37875572675536,9.421125411987305,375108000,9.239603558261214,9.14811608949693,8.965625494556589,67.47498117466738,64.84302060082256,63.83975071211079,0
9.447292901110172,9.52729841713296,9.116556720867186,9.207279205322266,449372000,9.232420368719223,9.157218107316211,8.98864013367713,49.46560488000936,55.67476790609285,58.301775299163445,1
9.327160052312198,9.475953992932956,9.154190186310585,9.460999488830566,376072000,9.283215728743968,9.203953704472267,9.033626738929838,63.796424143414654,62.71195518202197,62.4624527843652,0
9.470971684257645,9.470971684257645,9.09711753882642,9.127025604248049,592084000,9.24850681218932,9.19211861213008,9.042521868960144,43.499330578559054,50.774681725314,54.7222484716407,0
9.141731186260268,9.176374989180747,8.872804839279924,9.17188835144043,342248000,9.231480487578455,9.189006264331672,9.05484248633922,46.36464349719213,52.15110680358151,55.51961854722538,1
9.285539397107655,9.497140582700752,9.238184884837548,9.468728065490724,367892000,9.28420217155896,9.232040387586911,9.094260160544124,62.2135861647967,60.394534432775416,60.47896262479409,1
9.491656911681464,9.54648914908464,9.3842362307486,9.50087833404541,326648000,9.332352429889282,9.27340007165745,9.13298570087758,63.66710846291353,61.20883342326379,60.986326874392674,1
9.609545028407172,9.70774428255045,9.548980660994856,9.582877159118652,364056000,9.388024591940251,9.321011931266868,9.17583250642435,67.63609786117068,63.36977914168158,62.31514659505015,1
9.71198309893566,9.878472635064352,9.68282233004145,9.809185028076172,315892000,9.481615799970458,9.396115484622143,9.236151794200714,76.49444247582198,68.771230160351,65.77942824993238,1
9.91585759624284,10.039229192012268,9.82064941945047,9.841585159301758,357800000,9.56160899093297,9.4646492807267,9.293812114686528,77.59205932560374,69.49571840465755,66.2576762356426,1
9.96321118459379,10.193755302238298,9.935047768232852,10.184782028198242,365480000,9.70009188810303,9.57543893418386,9.378666392163836,86.1532554941361,76.10235765770989,70.89727823233771,1
10.348533157611689,10.537703095688713,10.202231102992812,10.476889610290527,494548000,9.872713604144696,9.714123653584886,9.483259079604473,90.15505497602172,80.20706365016936,74.15468346817137,1
10.556391835998395,10.622688330315814,10.347033534762348,10.447226524353027,497676000,10.00038314196877,9.82690871062614,9.575065502913858,86.96473434389856,78.663493921352,73.25797499008071,0
10.562626886289951,10.759273596592347,9.99436789400191,10.02153491973877,457076000,10.00508353702877,9.856851204335774,9.617586399754328,53.196132603004536,60.01627891036757,61.72285457919686,0
10.044213905277704,10.370962613845588,9.755598286796676,10.345291137695312,542676000,10.08068522606578,9.93199580946801,9.686891612891564,65.81538533381838,66.75842158840203,66.09539317265053,1
10.382427040624425,10.40111898472608,10.0250220473907,10.195998191833496,403984000,10.106310329569716,9.97261156060116,9.735377953743177,56.962724357357885,61.38841473369472,62.54719552285318,0
9.984398538726223,10.175562202068676,9.865263522835136,10.103782653808594,344964000,10.105748623845022,9.99279172878692,9.77046411565417,51.6035172814159,58.138656086496376,60.39066348380936,1
10.19425497296794,10.2171844581641,10.056926210218895,10.170328140258787,266284000,10.120099627492523,10.020105022859514,9.808546403711752,55.389441841754376,59.86358152780261,61.424284303216446,1
10.242855794774696,10.499070469213306,10.125714526245831,10.478632926940918,284852000,10.199773694036612,10.090647777333576,9.872364167828817,69.29831714503844,66.95962563506416,65.86823085560125,1
10.480871946988248,10.527729197914672,10.25531366824088,10.29693603515625,277036000,10.221365325396532,10.122384432383218,9.91279958376476,56.35455255093592,59.93420702497374,61.38040016646149,0
10.33581953067326,10.570101080679445,10.26005155679548,10.406851768493652,367292000,10.262584534973673,10.166148637938669,9.95985217278656,61.75614656709995,62.60441109167567,63.02175981050454,0
10.418069785284326,10.514773523021589,10.0005994680475,10.098798751831056,411660000,10.226187694275312,10.155787116999036,9.973085180314609,43.07858921369996,51.73360849971405,55.85667479719164,0
9.844825462023843,10.333078866449718,9.747125341607124,10.163349151611328,473292000,10.212223573683316,10.156950506939388,9.991205558533345,47.25679556316134,53.63164414480238,56.96088636818904,1
10.200983414132274,10.409842603767798,10.186527105849128,10.389655113220217,292132000,10.251652804691515,10.192751215597976,10.029153135170189,60.09375491874042,59.857679567002656,60.67486353685313,0
10.34254964769557,10.350275524742871,10.178053878886969,10.184284210205078,271636000,10.236682005916752,10.191448599383683,10.04392752326875,47.09214674397254,52.64140859706855,55.95587218225572,1
10.358999731706955,10.48411597738085,10.315383605302737,10.433521270751951,284508000,10.28042406476902,10.228690548824956,10.08103168969572,60.16604003010646,59.334745435695126,60.01978081651941,1
10.343295878211462,10.590538179623032,10.26378951892548,10.581565856933594,308880000,10.347344463027811,10.282979057764749,10.128701610385042,66.34150198140783,62.84392925291257,62.24801244961282,1
10.53097248905425,10.733602320014862,10.40112050418578,10.582315444946287,386080000,10.399560236787474,10.32903080963883,10.171902927962304,66.3744952160532,62.8621842431386,62.25948177330455,1
10.69970506694698,11.064835964787502,10.682507716455394,10.976606369018556,412720000,10.527792710616604,10.428657818774171,10.248541350920044,79.55295908785116,71.2274067910912,67.8008959035236,1
11.016234903566437,11.193441390991213,10.872674868538194,11.193441390991213,310336000,10.67571463958874,10.546316829884487,10.33853183092682,83.89252354698607,74.7466217580701,70.37686744992978,1
11.20964048520684,11.336999545455653,11.132127871979224,11.252259254455566,249924000,10.8038356651147,10.654923356741577,10.425553490310511,84.97384163766125,75.65528674291274,71.05335530449645,1
11.315067616508012,11.323292642394364,11.144590620602552,11.300861358642578,244316000,10.914285819232006,10.754298433957116,10.508916144437377,85.94818960832035,76.443236069642,71.62988363028613,0
11.277931137085137,11.469593908404436,11.003771865437924,11.165276527404783,342516000,10.97006153215929,10.817525832949064,10.571426657100938,70.09790074849435,69.39426452100417,67.58581347564626,0
11.299615560494976,11.373388840063468,10.823324679936263,11.130882263183594,427796000,11.005799472386911,10.865734514523608,10.624708143394525,66.22524449391294,67.61493346165119,66.55923452358388,0
11.03991231474007,11.10272048729754,10.762761900226325,10.81684684753418,354512000,10.963810000197418,10.858213334986772,10.6430070675983,40.615749009269344,53.519193718627655,57.910173430489685,1
10.95716687723898,11.431961339209725,10.92476591831859,11.405293464660645,464412000,11.0619174367448,10.942379508782752,10.71560577208043,68.83969072846271,67.70970911074764,66.65425493067727,1
11.51071735891599,11.685931033730704,11.32104927850673,11.408032417297363,374460000,11.138831876867592,11.014018417785,10.781551166862997,68.92561905103226,67.7612477224199,66.68894359690032,1
11.4947690363934,11.668985402971892,11.405543034536306,11.52866554260254,366436000,11.225461580364248,11.09319489852616,10.852704916933428,73.02147641022225,70.12399797329745,68.25528129169436,1
11.81503711087336,12.37183085176337,11.781141556245917,12.29930305480957,621300000,11.464093019129876,11.278749999492838,10.990476168159727,86.85598850152876,80.43118580961254,76.01444634965787,1
12.411956423742694,12.457816341017324,12.04931842670793,12.223284721374512,503448000,11.63280228629535,11.42406303362848,11.107886506561137,81.69067858820667,77.46535779622472,74.09064698493566,0
12.25892712100154,12.277369968854808,12.06103302466569,12.101409912109377,622624000,11.73693731425402,11.528270245702464,11.202507783280016,72.99156664549179,72.63462185706886,70.98870834542919,0
11.938406854983736,12.337184143980082,11.842450445882706,12.103899002075195,921388000,11.81848435599206,11.616828515913651,11.288354566022411,73.06479165101548,72.67377481499138,71.01539833966544,1
12.164465493219824,12.769611061975862,12.15798511156706,12.64474391937256,999868000,12.002097592298838,11.774969347215023,11.417534504436713,84.48772566550574,79.75448276209515,76.14980429942052,1
12.844380490051114,12.873043055678274,12.46927994839901,12.68138027191162,490564000,12.153049298879456,11.914417181783731,11.537900768005752,85.02545108540582,80.14651854827063,76.45407683271942,0
12.592153641375797,12.722254709913294,12.535327657808118,12.711039543151855,289076000,12.277047130939993,12.036974468148058,11.64962827040062,85.53293669514602,80.49058462855415,76.71308631659218,1
12.76013936298087,12.829177864302869,12.63901061170116,12.733969688415527,321244000,12.378585477045666,12.14420450203536,11.752898881640132,85.9917236156969,80.7802862679856,76.92442716593334,0
12.74244594470553,12.810737159927276,12.528102725843096,12.589664459228516,317604000,12.425491917530744,12.212736803142,11.832590841410456,68.82263574577308,73.09560678261317,72.46712097118296,1
12.636267490244164,13.107821654673968,12.6038665386465,13.107572555541992,537160000,12.577065392644355,12.350403841972769,11.954017671327744,83.55379479408559,80.56180429670621,77.50501682741316,1
13.14246786544176,13.533519347175629,12.997911429235783,13.333632469177246,500840000,12.745191409651664,12.501669784619612,12.08540955683722,86.92459826723353,82.89297531221634,79.28659391567653,1
13.442830031736884,13.955163502726425,13.399450031120136,13.78289031982422,511316000,12.975791167467786,12.69878063618955,12.247074391407413,91.33594408721696,86.51002168070535,82.28870089812588,1
14.663206182600051,14.686143478594945,13.861672369538317,14.306941986083984,874012000,13.271602460493607,12.946190074634847,12.443252257567083,94.19272484434696,89.44005312473769,85.01670537650371,0
13.790616520608838,13.84621268202,12.843236360472586,12.979609489440918,945128000,13.20671513359301,12.95133152306655,12.494333898697926,46.08412889344479,55.247486719697456,59.86538677129878,0
12.748498688044476,13.138670433931722,11.672474484792051,12.58769416809082,1463684000,13.069154919036968,12.895387314608746,12.50322535292582,38.77480124918527,49.02222382923404,54.71803142836431,0
11.70214094319448,12.51539238386474,11.6719747636598,11.880148887634276,795728000,12.804931356503037,12.739196787381903,12.443884737183769,28.55434542184935,39.89261457711398,46.880995113011686,1
12.365807331840877,12.773929107157423,12.198021187859634,12.679939270019531,736200000,12.777155337284478,12.730080246249232,12.466366121263365,47.9424828015289,51.40199798102166,54.76740771686983,0
12.953432114478536,13.02922275627651,12.133449117024863,12.27780055999756,698684000,12.666187608998497,12.660498756056668,12.448407496380907,40.95697670467272,46.37863659010062,50.69215361598193,0
12.451072570627291,12.617611898930454,11.862948469800283,12.13095760345459,636928000,12.547247607766517,12.579030886425578,12.418174173245069,38.402929264336045,44.58857577572213,49.25100255323048,1
13.044928931292278,13.278282921042774,12.596419188685868,12.836753845214844,1201744000,12.611582327199478,12.618680572393158,12.458038903908855,55.19104962338778,54.15629207410745,55.76105425505313,0
13.243382868890269,13.262081359836015,12.7923803268369,12.955180168151855,727556000,12.687937402966671,12.67044974097142,12.50538569097962,57.613993904968375,55.6033328561513,56.7632749096765,0
12.921521041611204,13.056647365336673,12.479244391759265,12.479991912841797,556384000,12.641727294050034,12.641148536643785,12.502967235918874,45.32215913353525,48.66873797739895,51.70191367118366,0
12.098797535518589,12.555036525604349,12.00156652479074,12.429134368896484,792512000,12.59448442179369,12.60853097237497,12.495935534297692,44.0644596623201,47.94872627863225,51.17596867072442,1
12.559022326858146,12.597665168145,11.955691090436508,12.155637741088867,698460000,12.496962937192617,12.538855090638648,12.463526220658755,37.13692330691547,44.00971570535981,48.32875167937808,0
11.892117894597584,12.487970180868365,11.871674239213789,12.48273468017578,721044000,12.493801102299988,12.530221181336668,12.465355597755616,49.09999503217721,49.58245576961175,51.78381883230029,1
12.540324626921278,12.613123285974956,12.121981986567056,12.602901458740234,646452000,12.518045625953375,12.541402762475675,12.478455203563676,53.19069145802418,51.57446348288247,53.02648150395112,0
12.540824766744455,12.691907731631224,12.045943889282205,12.090320587158203,647012000,12.422995617332226,12.472005504734527,12.441490002001249,37.23491912342344,43.35443444157733,47.41313588873073,0
12.038960765318,12.53483918754743,11.980870965412796,12.313949584960938,731240000,12.398763165694165,12.447689209384745,12.429343295616455,46.05912998120473,47.46415769331716,49.90472345888295,1
12.413176968116057,12.847974594032577,12.211983479870444,12.838251113891602,588016000,12.496427154182484,12.507775656231953,12.468286897356949,61.79885611731003,55.902647101192265,55.25725458032491,1
13.004293270854436,13.015761918903888,12.714843767147482,12.99905776977539,573808000,12.608122846536462,12.58335751985402,12.518836504253942,65.64242474872164,58.21828521321014,56.78246578444275,1
12.901827243635871,13.405684087658878,12.897589388290546,13.189282417297363,621460000,12.737269417816664,12.676576734845304,12.582688495972365,70.09199883523804,60.9474094521059,58.58114175144782,1
13.121219148796689,13.58493708780513,13.113989307676023,13.49319076538086,689184000,12.905251939497594,12.802209662620005,12.669402997820791,76.23768680635219,65.05046006362807,61.34882374215927,1
13.720065215938185,13.724801418717105,13.423634082572349,13.576960563659668,525004000,13.054520522644722,12.9214021089338,12.755837051710207,77.80883811656673,66.1531972958004,62.10058526114275,0
13.188534201404178,13.482221555752668,13.015013245257274,13.026232719421388,552496000,13.048234344150648,12.937529895162658,12.781589020063652,50.41517325975656,53.63642187129824,54.58405484699385,1
13.1995004802249,13.606624545865818,13.186286668427565,13.60487937927246,479820000,13.171933240844384,13.040199046564169,12.859997625702588,66.09327506206304,62.11045168341247,60.054810426264325,1
13.791864063040068,14.103004005155412,13.627319084237644,13.69862174987793,784420000,13.288975131740727,13.141494847073975,12.939866589909762,68.13364786253658,63.3319036955152,60.877011689792496,1
13.961147914112042,14.08031857045862,13.825273108624796,13.925496101379396,418084000,13.430424236104876,13.262110424659426,13.033736067192583,73.04137971675944,66.29066016173378,62.8689898388977,0
14.036187056538925,14.045661361805454,13.720061768245078,13.800588607788086,378900000,13.512682985367812,13.344953222063834,13.106769642487397,66.04167586196277,63.1353015050617,61.02669071047273,0
13.729038915841713,13.786131076867328,13.62308208100596,13.72480010986328,346892000,13.559820124144585,13.403391204802212,13.165629686999385,61.56678937518248,61.148521963650886,59.880107119469,1
13.950924696495798,14.307438984143564,13.874137354926596,14.186772346496582,434744000,13.699142840222803,13.5239113804475,13.26288136885626,74.65298382841792,68.04439900808718,64.28498613968031,1
14.257078638741865,14.308935298145892,13.98009449909934,14.208961486816406,344604000,13.812435872799162,13.629303704504254,13.352984237233418,75.16076836820197,68.34797026692988,64.48667173417677,0
14.251093331969772,14.303199160189068,13.9215050426964,14.056382179260254,276100000,13.866646163123848,13.695008085235946,13.41997451742645,64.11973923847759,63.6690091263985,61.89820860397554,0
13.77266831055689,13.96713031414034,13.729786657912154,13.931479454040527,267224000,13.881053561105333,13.731388295821269,13.468689273294457,55.74098803835192,59.89303561575978,59.78272960197561,1
13.998044701327354,14.082561185435171,13.75446790310896,13.773415565490724,242392000,13.857134006524308,13.737854029616567,13.497710824932197,46.19258805942805,55.229797729924655,57.12212449088769,0
13.864662402305544,13.944940073840613,13.369780657852251,13.460530281066896,298068000,13.76899984531155,13.695188837532005,13.49416982075455,32.441893752377624,47.06870210086722,52.17238304072482,0
13.54604365293036,13.761697765923037,13.469754661164709,13.60787296295166,229212000,13.733193871453796,13.681755626058104,13.504998691439988,42.51493878758501,50.91152614460783,54.18567860552282,0
13.587429172947049,13.75347014184701,13.4403358649596,13.487455368041992,219596000,13.678585315140062,13.65186327867101,13.503327898735416,36.89510523112519,47.72582314479122,52.2498800825484,0
13.485214293563407,13.574217815487629,13.195265479724382,13.324159622192385,290480000,13.599824050040578,13.601447331520452,13.486264253350368,30.14142351950032,43.56687922091826,49.65902324590788,1
13.412911911969196,13.555767369286167,13.254600077921694,13.552775382995604,233484000,13.58936879069725,13.593959339439706,13.492598646649911,47.090522572403856,50.377574430138985,53.160763323295456,0
13.389975331142844,13.654992461753038,13.002546399972722,13.105012893676758,336896000,13.48173414691492,13.51873680932233,13.455685717795328,29.542563376050413,39.79521907807029,46.35898584329959,0
13.2693084725037,13.404934084109422,13.155124160509152,13.359808921813965,250520000,13.45463965244804,13.494286365090275,13.446554594368532,44.305167304850166,46.93160761661933,50.25907635355736,0
13.161606785851308,13.223436096238972,12.57423119030226,12.592181205749512,376520000,13.262982219848368,13.355500955960927,13.36518570021434,24.76464312577085,33.48067874540015,40.66610835192815,0
12.803099949278508,13.1563731169279,12.714843950794975,12.988088607788086,320080000,13.20189475050164,13.298975979318952,13.32927169141184,41.42090302407075,42.96532828587361,46.35343378721393,0
12.814566910574303,12.90082760589088,12.266083328024058,12.499438285827637,416820000,13.045793313907415,13.175970180320288,13.25023993849906,30.87512168850756,35.864686440870216,41.11507133531868,0
12.622847909145596,12.80135423930885,12.360822737765067,12.546060562133787,299652000,12.934741591291054,13.079061008291596,13.18317523598808,32.91220146754647,36.98254824632416,41.790973653893175,1
12.673457347040872,13.068863668254512,12.56799885959519,12.983599662780762,272900000,12.945598940510989,13.064374647443776,13.164168038539763,50.14676861975459,46.776733967970166,47.84174717093847,1
13.352329278219589,13.789371354934609,13.300223447595716,13.75621223449707,410228000,13.125735228063451,13.170811199298129,13.22055320005951,68.18631811383166,59.33270282986127,56.450385487255545,1
14.123449106380365,14.29946179881484,13.952421790169009,14.12095546722412,319028000,13.346895281210267,13.316987240517513,13.30630579693233,73.78427694105875,63.86070271381352,59.82179933106134,1
14.07084333363728,14.548522622316057,13.856686150810631,14.521846771240234,383348000,13.607995612328038,13.502350245244086,13.422071604009274,78.88807049172685,68.2340579232183,63.19440574098029,0
14.512370854212277,14.650987497036365,13.57321818171232,13.593162536621094,582976000,13.60469937328205,13.516321366994395,13.438365978543732,50.44816778726002,51.87417442228594,52.25217911930145,0
13.568980558317888,13.568980558317888,12.59342847340592,12.734787940979004,644068000,13.411385721659151,13.39608545529972,13.371358546394712,35.61416552032033,41.52224812094204,44.5703207390023,0
13.017753816029131,13.3979528847823,12.912544515729412,13.380999565124512,404744000,13.404633242429233,13.393764549118918,13.372276738654692,49.56884286646051,49.97682136286825,50.47345323193837,1
13.441832223500407,13.728040534381991,13.27928158374292,13.41964340209961,365812000,13.407968833467091,13.397745911115948,13.376787849458973,50.37285800149297,50.45868763296063,50.81081815310035,1
